,SK_ID_PREV,SK_ID_CURR,NAME_CONTRACT_TYPE,AMT_ANNUITY,AMT_APPLICATION,AMT_CREDIT,AMT_DOWN_PAYMENT,AMT_GOODS_PRICE,WEEKDAY_APPR_PROCESS_START,HOUR_APPR_PROCESS_START,FLAG_LAST_APPL_PER_CONTRACT,NFLAG_LAST_APPL_IN_DAY,RATE_DOWN_PAYMENT,RATE_INTEREST_PRIMARY,RATE_INTEREST_PRIVILEGED,NAME_CASH_LOAN_PURPOSE,NAME_CONTRACT_STATUS,DAYS_DECISION,NAME_PAYMENT_TYPE,CODE_REJECT_REASON,NAME_TYPE_SUITE,NAME_CLIENT_TYPE,NAME_GOODS_CATEGORY,NAME_PORTFOLIO,NAME_PRODUCT_TYPE,CHANNEL_TYPE,SELLERPLACE_AREA,NAME_SELLER_INDUSTRY,CNT_PAYMENT,NAME_YIELD_GROUP,PRODUCT_COMBINATION,DAYS_FIRST_DRAWING,DAYS_FIRST_DUE,DAYS_LAST_DUE_1ST_VERSION,DAYS_LAST_DUE,DAYS_TERMINATION,NFLAG_INSURED_ON_APPROVAL
0,2802425,108129,Cash loans,25188.615,607500.0,679671.0,,607500.0,THURSDAY,11,Y,1,,,,XNA,Approved,-164,XNA,XAP,Unaccompanied,Repeater,XNA,Cash,x-sell,Contact center,-1,XNA,36.0,low_action,Cash X-Sell: low,365243.0,-134.0,916.0,365243.0,365243.0,1.0
1,1168659,101529,Cash loans,,0.0,0.0,,,TUESDAY,11,Y,1,,,,XNA,Refused,-115,XNA,HC,,Repeater,XNA,XNA,XNA,Credit and cash offices,-1,XNA,,XNA,Cash,,,,,,
2,2686051,101529,Cash loans,,0.0,0.0,,,TUESDAY,9,Y,1,,,,XNA,Canceled,-164,XNA,XAP,,Repeater,XNA,XNA,XNA,Credit and cash offices,-1,XNA,,XNA,Cash,,,,,,
3,2833823,106086,Consumer loans,6232.725,58050.0,52245.0,5805.0,58050.0,FRIDAY,12,Y,1,0.1089090909090909,,,XAP,Approved,-1555,Cash through the bank,XAP,Unaccompanied,Repeater,Furniture,POS,XNA,Stone,135,Furniture,10.0,middle,POS industry with interest,365243.0,-1524.0,-1254.0,-1254.0,-1252.0,0.0
4,1665343,110713,Consumer loans,17769.735,143487.0,175549.5,0.0,143487.0,TUESDAY,13,Y,1,0.0,,,XAP,Approved,-1092,Cash through the bank,XAP,Family,Repeater,Audio/Video,POS,XNA,Country-wide,3000,Consumer electronics,12.0,middle,POS household with interest,365243.0,-1061.0,-731.0,-731.0,-722.0,0.0
5,1041414,107678,Consumer loans,,24480.0,24480.0,0.0,24480.0,SUNDAY,12,Y,1,0.0,,,XAP,Refused,-1252,Cash through the bank,LIMIT,,Repeater,Mobile,XNA,XNA,Country-wide,92,Connectivity,,XNA,POS mobile with interest,,,,,,
6,1891648,100373,Consumer loans,10872.99,115695.0,115119.0,11569.5,115695.0,SATURDAY,22,Y,1,0.099458413926499,,,XAP,Approved,-1053,Cash through the bank,XAP,Unaccompanied,New,Medicine,POS,XNA,Stone,25,Industry,12.0,low_normal,POS household with interest,365243.0,-1013.0,-683.0,-713.0,-709.0,0.0
7,1581859,105915,Revolving loans,2250.0,45000.0,45000.0,,45000.0,WEDNESDAY,14,Y,1,,,,XAP,Refused,-308,XNA,LIMIT,Unaccompanied,Refreshed,XNA,Cards,walk-in,Country-wide,50,Connectivity,0.0,XNA,Card Street,,,,,,
8,2283315,102649,Consumer loans,12540.6,60423.255,63414.0,1.755,60423.255,SUNDAY,15,Y,1,3.014005818356252e-05,,,XAP,Approved,-1452,Cash through the bank,XAP,Unaccompanied,New,Construction Materials,POS,XNA,Stone,463,Construction,6.0,high,POS industry with interest,365243.0,-1421.0,-1271.0,-1271.0,-1262.0,0.0
9,1348316,104826,Revolving loans,22500.0,450000.0,450000.0,,450000.0,MONDAY,14,Y,1,,,,XAP,Refused,-183,XNA,HC,Unaccompanied,Repeater,XNA,Cards,x-sell,Credit and cash offices,-1,XNA,0.0,XNA,Card X-Sell,,,,,,
10,1669367,101479,Cash loans,17079.255,135000.0,143910.0,,135000.0,SATURDAY,11,Y,1,,,,XNA,Approved,-1089,Cash through the bank,XAP,Family,New,XNA,Cash,walk-in,Country-wide,44,Connectivity,12.0,high,Cash Street: high,365243.0,-1059.0,-729.0,-789.0,-787.0,1.0
11,1117709,104260,Consumer loans,,65646.0,65646.0,0.0,65646.0,SATURDAY,12,Y,1,0.0,,,XAP,Unused offer,-363,Cash through the bank,CLIENT,,Repeater,Mobile,XNA,XNA,Country-wide,70,Connectivity,,XNA,POS mobile with interest,,,,,,
12,1974842,101167,Consumer loans,5437.53,120060.0,120060.0,0.0,120060.0,MONDAY,18,Y,1,0.0,,,XAP,Approved,-820,Cash through the bank,XAP,Family,Repeater,Computers,POS,XNA,Country-wide,955,Consumer electronics,24.0,low_action,POS household without interest,365243.0,-789.0,-99.0,-249.0,-247.0,0.0
13,2362146,106561,Consumer loans,9440.64,144000.0,144000.0,0.0,144000.0,MONDAY,11,Y,1,0.0,,,XAP,Approved,-380,XNA,XAP,,New,Homewares,POS,XNA,Stone,5,Construction,18.0,low_normal,POS other with interest,365243.0,-345.0,165.0,-15.0,-3.0,0.0
14,2242203,103450,Consumer loans,19045.08,91462.5,85711.5,9148.5,91462.5,SUNDAY,17,Y,1,0.1050342418492323,,,XAP,Approved,-1773,Cash through the bank,XAP,Group of people,Refreshed,Audio/Video,POS,XNA,Country-wide,1000,Consumer electronics,5.0,middle,POS household with interest,365243.0,-1742.0,-1622.0,-1622.0,-1619.0,0.0
15,1032852,103687,Cash loans,13224.6,103500.0,110331.0,,103500.0,TUESDAY,19,Y,1,,,,XNA,Approved,-209,Cash through the bank,XAP,Unaccompanied,Repeater,XNA,Cash,x-sell,Credit and cash offices,-1,XNA,12.0,high,Cash X-Sell: high,365243.0,-179.0,151.0,-179.0,-176.0,1.0
16,2670402,100077,Cash loans,,0.0,0.0,,,WEDNESDAY,14,Y,1,,,,XNA,Refused,-217,XNA,HC,,Repeater,XNA,XNA,XNA,Credit and cash offices,-1,XNA,,XNA,Cash,,,,,,
17,2779256,109724,Consumer loans,,86782.5,86782.5,0.0,86782.5,THURSDAY,14,Y,1,0.0,,,XAP,Unused offer,-120,Cash through the bank,CLIENT,,Repeater,Mobile,XNA,XNA,Country-wide,27,Connectivity,,XNA,POS mobile with interest,,,,,,
18,2749182,110896,Cash loans,13794.75,135000.0,143910.0,,135000.0,TUESDAY,8,Y,1,,,,XNA,Approved,-1101,Cash through the bank,XAP,Unaccompanied,Repeater,XNA,Cash,x-sell,Credit and cash offices,-1,XNA,12.0,low_normal,Cash X-Sell: low,365243.0,-1071.0,-741.0,-921.0,-914.0,1.0
19,1455040,107888,Consumer loans,2810.16,62379.0,62379.0,0.0,62379.0,SATURDAY,13,Y,1,0.0,,,XAP,Approved,-263,Cash through the bank,XAP,Family,Refreshed,Mobile,POS,XNA,Country-wide,2500,Consumer electronics,24.0,low_action,POS household without interest,365243.0,-233.0,457.0,365243.0,365243.0,0.0
20,1514511,101011,Consumer loans,6856.065,65866.5,66735.0,6588.0,65866.5,FRIDAY,21,Y,1,0.0978537554258678,,,XAP,Approved,-627,Cash through the bank,XAP,Family,Refreshed,Consumer Electronics,POS,XNA,Country-wide,100,Consumer electronics,12.0,middle,POS household with interest,365243.0,-596.0,-266.0,-296.0,-289.0,0.0
21,2363657,104532,Consumer loans,7329.06,38844.0,36517.5,4050.0,38844.0,SUNDAY,14,Y,1,0.1087278777794584,,,XAP,Approved,-2487,XNA,XAP,"Spouse, partner",New,Mobile,POS,XNA,Stone,40,Connectivity,6.0,high,POS mobile with interest,365243.0,-2455.0,-2305.0,-2305.0,-2298.0,1.0
22,2124191,102135,Cash loans,,0.0,0.0,,,THURSDAY,16,Y,1,,,,XNA,Refused,-263,XNA,HC,,Repeater,XNA,XNA,XNA,Credit and cash offices,-1,XNA,,XNA,Cash,,,,,,
23,1539382,100425,Consumer loans,13410.27,120357.0,133065.0,0.0,120357.0,FRIDAY,15,Y,1,0.0,,,XAP,Approved,-589,Cash through the bank,XAP,,Repeater,Consumer Electronics,POS,XNA,Country-wide,2226,Consumer electronics,12.0,middle,POS household with interest,365243.0,-558.0,-228.0,-378.0,-351.0,0.0
24,1750658,107831,Consumer loans,8237.61,70110.0,79078.5,0.0,70110.0,FRIDAY,15,Y,1,0.0,,,XAP,Refused,-549,Cash through the bank,LIMIT,,Repeater,Computers,POS,XNA,Regional / Local,25,Consumer electronics,12.0,middle,POS household with interest,,,,,,
25,2691598,103702,Cash loans,,0.0,0.0,,,FRIDAY,15,Y,1,,,,XNA,Canceled,-311,XNA,XAP,,Repeater,XNA,XNA,XNA,AP+ (Cash loan),4,XNA,,XNA,Cash,,,,,,
26,1620548,107735,Revolving loans,27000.0,540000.0,540000.0,,540000.0,MONDAY,15,Y,1,,,,XAP,Approved,-415,XNA,XAP,,New,XNA,Cards,x-sell,Credit and cash offices,-1,XNA,0.0,XNA,Card X-Sell,-326.0,-276.0,365243.0,365243.0,365243.0,0.0
27,1683656,105928,Revolving loans,9000.0,0.0,180000.0,,,SATURDAY,10,Y,1,,,,XAP,Approved,-1045,XNA,XAP,,Repeater,XNA,Cards,x-sell,Country-wide,50,Connectivity,0.0,XNA,Card X-Sell,-1042.0,-1005.0,365243.0,365243.0,365243.0,0.0
28,1994011,107800,Consumer loans,17100.495,92475.0,92475.0,0.0,92475.0,MONDAY,14,Y,1,0.0,,,XAP,Approved,-204,Cash through the bank,XAP,Unaccompanied,Repeater,Furniture,POS,XNA,Stone,100,Consumer electronics,6.0,middle,POS household with interest,365243.0,-170.0,-20.0,-20.0,-16.0,0.0
29,2629155,101813,Consumer loans,22777.335,146245.5,123174.0,29250.0,146245.5,SATURDAY,15,Y,1,0.208995362219264,,,XAP,Approved,-379,Cash through the bank,XAP,,Repeater,Consumer Electronics,POS,XNA,Country-wide,100,Consumer electronics,6.0,middle,POS household with interest,365243.0,-348.0,-198.0,-198.0,-196.0,0.0
30,2361663,110031,Consumer loans,23388.165,233905.5,210514.5,23391.0,233905.5,SUNDAY,8,Y,1,0.1089111861608446,,,XAP,Refused,-2653,Cash through the bank,VERIF,"Spouse, partner",New,XNA,POS,XNA,Country-wide,1402,Consumer electronics,10.0,low_normal,POS household without interest,,,,,,
31,1614986,100151,Cash loans,6535.8,45000.0,55075.5,,45000.0,WEDNESDAY,13,Y,1,,,,XNA,Approved,-1041,Cash through the bank,XAP,Unaccompanied,New,XNA,Cash,walk-in,Credit and cash offices,-1,XNA,12.0,high,Cash Street: high,365243.0,-1011.0,-681.0,-681.0,-672.0,1.0
32,1605562,101457,Revolving loans,,0.0,0.0,,,SUNDAY,13,Y,1,,,,XAP,Canceled,-42,XNA,XAP,,Repeater,XNA,XNA,XNA,Credit and cash offices,-1,XNA,,XNA,Card Street,,,,,,
33,1072459,101615,Cash loans,,0.0,0.0,,,WEDNESDAY,12,Y,1,,,,XNA,Canceled,-373,XNA,XAP,,Refreshed,XNA,XNA,XNA,Credit and cash offices,-1,XNA,,XNA,Cash,,,,,,
34,2124946,103150,Cash loans,,0.0,0.0,,,THURSDAY,9,Y,1,,,,XNA,Canceled,-410,XNA,XAP,,Repeater,XNA,XNA,XNA,Credit and cash offices,-1,XNA,,XNA,Cash,,,,,,
35,1111156,100667,Consumer loans,12739.32,68490.0,72108.0,0.0,68490.0,WEDNESDAY,11,Y,1,0.0,,,XAP,Approved,-260,XNA,XAP,,Repeater,Furniture,POS,XNA,Regional / Local,2880,Furniture,6.0,low_normal,POS industry with interest,365243.0,-229.0,-79.0,-79.0,-74.0,0.0
36,1801757,100916,Consumer loans,11468.7,100323.0,110916.0,0.0,100323.0,MONDAY,16,Y,1,0.0,,,XAP,Approved,-432,XNA,XAP,,New,Computers,POS,XNA,Country-wide,2170,Consumer electronics,12.0,middle,POS household with interest,365243.0,-401.0,-71.0,-131.0,-125.0,0.0
37,2581157,102757,Consumer loans,,63846.0,63846.0,0.0,63846.0,MONDAY,16,Y,1,0.0,,,XAP,Unused offer,-137,Cash through the bank,CLIENT,,Repeater,Computers,XNA,XNA,Country-wide,27,Connectivity,,XNA,POS mobile with interest,,,,,,
38,1826787,109223,Cash loans,,0.0,0.0,,,FRIDAY,15,Y,1,,,,XNA,Canceled,-148,XNA,XAP,,Repeater,XNA,XNA,XNA,Credit and cash offices,-1,XNA,,XNA,Cash,,,,,,
39,2685304,100307,Cash loans,,0.0,0.0,,,THURSDAY,15,Y,1,,,,XNA,Canceled,-144,XNA,XAP,,Repeater,XNA,XNA,XNA,Credit and cash offices,-1,XNA,,XNA,Cash,,,,,,
40,1242560,107970,Consumer loans,3962.97,72243.0,87502.5,0.0,72243.0,SUNDAY,11,Y,1,0.0,,,XAP,Approved,-948,Cash through the bank,XAP,"Spouse, partner",Repeater,Consumer Electronics,POS,XNA,Country-wide,2300,Consumer electronics,24.0,low_action,POS household without interest,365243.0,-917.0,-227.0,-317.0,-311.0,0.0
41,1977600,111392,Cash loans,,0.0,0.0,,,FRIDAY,13,Y,1,,,,XNA,Canceled,-399,XNA,XAP,,Repeater,XNA,XNA,XNA,Credit and cash offices,-1,XNA,,XNA,Cash,,,,,,
42,2536657,107755,Consumer loans,9412.605,208705.5,208705.5,0.0,208705.5,SATURDAY,9,Y,1,0.0,,,XAP,Approved,-1486,Cash through the bank,XAP,Unaccompanied,New,Consumer Electronics,POS,XNA,Country-wide,2263,Consumer electronics,24.0,low_action,POS household without interest,365243.0,-1455.0,-765.0,-765.0,-757.0,0.0
43,2399359,111561,Consumer loans,12709.08,120429.0,119110.5,12046.5,120429.0,TUESDAY,15,Y,1,0.1000307542591217,,,XAP,Approved,-1540,Cash through the bank,XAP,Family,New,Computers,POS,XNA,Country-wide,600,Consumer electronics,12.0,middle,POS household with interest,365243.0,-1509.0,-1179.0,-1179.0,-1171.0,0.0
44,1017959,106319,Consumer loans,11716.11,132030.0,115429.5,27000.0,132030.0,SATURDAY,7,Y,1,0.2064562084782615,,,XAP,Approved,-2162,XNA,XAP,Children,New,Consumer Electronics,POS,XNA,Regional / Local,1,Consumer electronics,12.0,middle,POS household with interest,365243.0,-2131.0,-1801.0,-1801.0,-1797.0,0.0
45,1772898,106596,Consumer loans,11040.39,128943.0,149368.5,0.0,128943.0,MONDAY,12,Y,1,0.0,,,XAP,Approved,-667,Cash through the bank,XAP,Family,Repeater,Computers,POS,XNA,Country-wide,1500,Consumer electronics,18.0,middle,POS household with interest,,,,,,
46,2640858,111158,Consumer loans,2657.25,50355.0,56025.0,0.0,50355.0,WEDNESDAY,18,Y,1,0.0,,,XAP,Approved,-1564,Cash through the bank,XAP,"Spouse, partner",New,Mobile,POS,XNA,Country-wide,1657,Consumer electronics,24.0,low_action,POS household without interest,365243.0,-1533.0,-843.0,-1203.0,-1196.0,0.0
47,1472768,102036,Consumer loans,6286.815,51705.0,51705.0,0.0,51705.0,FRIDAY,16,Y,1,0.0,,,XAP,Approved,-342,Cash through the bank,XAP,,Refreshed,Mobile,POS,XNA,Country-wide,35,Connectivity,12.0,high,POS mobile with interest,365243.0,-301.0,29.0,365243.0,365243.0,0.0
48,1788229,101469,Cash loans,,0.0,0.0,,,MONDAY,9,Y,1,,,,XNA,Canceled,-23,XNA,XAP,,Repeater,XNA,XNA,XNA,Credit and cash offices,-1,XNA,,XNA,Cash,,,,,,
49,2669449,103889,Cash loans,,0.0,0.0,,,TUESDAY,13,Y,1,,,,XNA,Canceled,-80,XNA,XAP,,Repeater,XNA,XNA,XNA,Credit and cash offices,-1,XNA,,XNA,Cash,,,,,,
50,1998259,101573,Consumer loans,10333.035,85950.0,83736.0,8595.0,85950.0,FRIDAY,10,Y,1,0.1013823782222261,,,XAP,Approved,-1781,Cash through the bank,XAP,Family,New,Consumer Electronics,POS,XNA,Stone,111,Consumer electronics,10.0,middle,POS household with interest,365243.0,-1747.0,-1477.0,-1507.0,-1499.0,0.0
51,2559053,104818,Consumer loans,3612.825,26280.0,25623.0,2610.0,26280.0,SUNDAY,9,Y,1,0.1006810212420667,,,XAP,Approved,-1434,Cash through the bank,XAP,,Refreshed,Mobile,POS,XNA,Country-wide,74,Connectivity,10.0,high,POS mobile with interest,365243.0,-1400.0,-1130.0,-1310.0,-1301.0,0.0
52,2255414,101485,Consumer loans,2067.39,19030.5,19107.0,1903.5,19030.5,FRIDAY,13,Y,1,0.0986689771997118,,,XAP,Refused,-1614,Cash through the bank,LIMIT,,Repeater,Mobile,POS,XNA,Country-wide,20,Connectivity,14.0,high,POS mobile with interest,,,,,,
53,1100712,107930,Consumer loans,2683.71,26055.0,26932.5,2605.5,26055.0,THURSDAY,13,Y,1,0.0960669768987867,,,XAP,Approved,-2171,Cash through the bank,XAP,Family,New,Mobile,POS,XNA,Country-wide,37,Connectivity,18.0,high,POS mobile with interest,365243.0,-2140.0,-1630.0,-2020.0,-1993.0,0.0
54,2492374,110103,Consumer loans,19881.855,222345.0,193027.5,45000.0,222345.0,SUNDAY,9,Y,1,0.2058967594462441,,,XAP,Approved,-1954,XNA,XAP,Unaccompanied,New,Furniture,POS,XNA,Regional / Local,509,Furniture,12.0,middle,POS industry with interest,365243.0,-1923.0,-1593.0,-1593.0,-1590.0,0.0
55,2160794,110490,Cash loans,,0.0,0.0,,,WEDNESDAY,11,Y,1,,,,XNA,Canceled,-323,XNA,XAP,,Repeater,XNA,XNA,XNA,Credit and cash offices,-1,XNA,,XNA,Cash,,,,,,
56,2639856,108110,Cash loans,52026.165,1129500.0,1227901.5,,1129500.0,SATURDAY,13,Y,1,,,,XNA,Approved,-588,Cash through the bank,XAP,,Refreshed,XNA,Cash,x-sell,Credit and cash offices,-1,XNA,36.0,low_normal,Cash X-Sell: low,365243.0,-558.0,492.0,365243.0,365243.0,1.0
57,1789930,104856,Cash loans,19073.52,531000.0,531000.0,,531000.0,SATURDAY,10,Y,1,,,,XNA,Refused,-286,Cash through the bank,HC,Unaccompanied,Repeater,XNA,Cash,x-sell,Credit and cash offices,-1,XNA,48.0,low_normal,Cash X-Sell: low,,,,,,
58,2770803,109240,Cash loans,35761.59,679500.0,840951.0,,679500.0,THURSDAY,10,Y,1,,,,XNA,Refused,-75,Cash through the bank,HC,Unaccompanied,Repeater,XNA,Cash,x-sell,Credit and cash offices,-1,XNA,36.0,low_normal,Cash X-Sell: low,,,,,,
59,2227969,100201,Consumer loans,3828.555,38610.0,29610.0,9000.0,38610.0,THURSDAY,19,Y,1,0.2538673447764357,,,XAP,Approved,-2424,Cash through the bank,XAP,Family,Repeater,Mobile,POS,XNA,Country-wide,31,Connectivity,10.0,high,POS mobile with interest,365243.0,-2393.0,-2123.0,-2123.0,-2120.0,0.0
60,1682966,102951,Consumer loans,14426.64,55485.0,55485.0,0.0,55485.0,MONDAY,13,Y,1,0.0,,,XAP,Approved,-822,XNA,XAP,,Repeater,Furniture,POS,XNA,Stone,708,Furniture,4.0,low_action,POS industry with interest,365243.0,-781.0,-691.0,-691.0,-682.0,0.0
61,2034342,100279,Cash loans,,0.0,0.0,,,THURSDAY,19,Y,1,,,,XNA,Canceled,-382,XNA,XAP,,Repeater,XNA,XNA,XNA,Credit and cash offices,-1,XNA,,XNA,Cash,,,,,,
62,1843242,105535,Cash loans,33464.475,585000.0,654498.0,,585000.0,THURSDAY,7,Y,1,,,,XNA,Approved,-746,Cash through the bank,XAP,Unaccompanied,Repeater,XNA,Cash,x-sell,Credit and cash offices,-1,XNA,36.0,middle,Cash X-Sell: middle,365243.0,-716.0,334.0,-386.0,-372.0,1.0
63,1419029,105535,Cash loans,,0.0,0.0,,,WEDNESDAY,8,Y,1,,,,XNA,Canceled,-299,XNA,XAP,,Repeater,XNA,XNA,XNA,Credit and cash offices,-1,XNA,,XNA,Cash,,,,,,
64,1465837,100587,Cash loans,16632.405,135000.0,162315.0,,135000.0,FRIDAY,14,Y,1,,,,XNA,Approved,-433,Cash through the bank,XAP,,Refreshed,XNA,Cash,x-sell,Credit and cash offices,-1,XNA,12.0,middle,Cash X-Sell: middle,365243.0,-403.0,-73.0,-73.0,-67.0,1.0
65,2581300,102345,Cash loans,25012.755,270000.0,332784.0,,270000.0,WEDNESDAY,11,Y,1,,,,XNA,Refused,-421,Cash through the bank,HC,,Repeater,XNA,Cash,x-sell,Credit and cash offices,-1,XNA,18.0,middle,Cash X-Sell: middle,,,,,,
66,1328618,106954,Cash loans,11093.265,135000.0,148365.0,,135000.0,THURSDAY,17,Y,1,,,,XNA,Approved,-804,Cash through the bank,XAP,Unaccompanied,Repeater,XNA,Cash,x-sell,Credit and cash offices,-1,XNA,18.0,middle,Cash X-Sell: middle,365243.0,-774.0,-264.0,-264.0,-262.0,1.0
67,1921372,100527,Consumer loans,5420.115,50890.5,40720.5,10170.0,50890.5,MONDAY,18,Y,1,0.2176448363732827,,,XAP,Approved,-1507,Cash through the bank,XAP,Unaccompanied,New,Computers,POS,XNA,Country-wide,2326,Consumer electronics,10.0,high,POS household with interest,365243.0,-1475.0,-1205.0,-1205.0,-1200.0,0.0
68,2567633,102697,Consumer loans,5075.145,30455.64,28624.5,1831.14,30455.64,THURSDAY,15,Y,1,0.0654813994147792,,,XAP,Approved,-2892,Cash through the bank,XAP,Group of people,Repeater,Computers,POS,XNA,Country-wide,2914,Consumer electronics,6.0,low_normal,POS household without interest,365243.0,-2861.0,-2711.0,-2711.0,-2630.0,0.0
69,1919627,102988,Consumer loans,9984.285,95508.0,109377.0,0.0,95508.0,TUESDAY,10,Y,1,0.0,,,XAP,Approved,-181,Cash through the bank,XAP,Unaccompanied,Repeater,Consumer Electronics,POS,XNA,Country-wide,40,Furniture,12.0,low_action,POS household without interest,365243.0,-151.0,179.0,365243.0,365243.0,1.0
70,1656390,105928,Cash loans,,0.0,0.0,,,FRIDAY,10,Y,1,,,,XNA,Canceled,-122,XNA,XAP,,Repeater,XNA,XNA,XNA,Credit and cash offices,-1,XNA,,XNA,Cash,,,,,,
71,1203132,106016,Consumer loans,4169.115,20610.0,21631.5,0.0,20610.0,FRIDAY,12,Y,1,0.0,,,XAP,Refused,-1455,Cash through the bank,LIMIT,Unaccompanied,Repeater,Construction Materials,POS,XNA,Stone,90,Construction,6.0,middle,POS industry with interest,,,,,,
72,2361871,105430,Consumer loans,7500.015,165600.0,165600.0,0.0,165600.0,SUNDAY,11,Y,1,0.0,,,XAP,Approved,-1001,Cash through the bank,XAP,Family,Refreshed,Audio/Video,POS,XNA,Country-wide,2500,Consumer electronics,24.0,low_action,POS household without interest,365243.0,-970.0,-280.0,-460.0,-455.0,0.0
73,2273361,111530,Cash loans,8823.105,130500.0,130500.0,0.0,130500.0,THURSDAY,8,Y,1,0.0,,,XNA,Approved,-2365,Cash through the bank,XAP,,Repeater,XNA,Cash,x-sell,Country-wide,-1,Consumer electronics,24.0,high,Cash Street: high,365243.0,-2335.0,-1645.0,-1645.0,-1641.0,0.0
74,1391109,107557,Consumer loans,8855.685,50125.5,50125.5,0.0,50125.5,FRIDAY,11,Y,1,0.0,,,XAP,Approved,-882,Cash through the bank,XAP,Unaccompanied,Repeater,Clothing and Accessories,POS,XNA,Stone,85,Clothing,6.0,low_normal,POS industry with interest,365243.0,-851.0,-701.0,-731.0,-726.0,0.0
75,1133646,101378,Consumer loans,14541.705,99000.0,80541.0,22500.0,99000.0,SUNDAY,10,Y,1,0.2378135446525698,,,XAP,Approved,-157,Cash through the bank,XAP,Children,Repeater,Clothing and Accessories,POS,XNA,Stone,10,Clothing,6.0,low_normal,POS industry with interest,365243.0,-126.0,24.0,-96.0,-94.0,0.0
76,2840587,102972,Cash loans,,0.0,0.0,,,THURSDAY,15,Y,1,,,,XNA,Canceled,-21,XNA,XAP,,Repeater,XNA,XNA,XNA,Credit and cash offices,-1,XNA,,XNA,Cash,,,,,,
77,2474390,108921,Consumer loans,,143955.0,143955.0,0.0,143955.0,TUESDAY,9,Y,1,0.0,,,XAP,Refused,-2094,Cash through the bank,HC,Children,Repeater,Computers,XNA,XNA,Stone,355,Consumer electronics,,XNA,POS household with interest,,,,,,
78,2160994,107623,Consumer loans,17362.575,383364.0,383364.0,0.0,383364.0,SUNDAY,18,Y,1,0.0,,,XAP,Approved,-830,Cash through the bank,XAP,Other_B,New,Audio/Video,POS,XNA,Country-wide,400,Consumer electronics,24.0,low_action,POS household without interest,365243.0,-799.0,-109.0,-709.0,-703.0,0.0
79,2758397,104431,Cash loans,14473.8,495000.0,495000.0,,495000.0,THURSDAY,11,Y,1,,,,Repairs,Refused,-453,Cash through the bank,SCO,Unaccompanied,Repeater,XNA,Cash,walk-in,Channel of corporate sales,-1,XNA,60.0,low_normal,Cash Street: low,,,,,,
80,2050576,101813,Consumer loans,17976.42,103477.5,93127.5,10350.0,103477.5,TUESDAY,13,Y,1,0.1089327719464705,,,XAP,Approved,-558,Cash through the bank,XAP,,Repeater,Gardening,POS,XNA,Regional / Local,15,Consumer electronics,6.0,high,POS other with interest,365243.0,-527.0,-377.0,-377.0,-371.0,0.0
81,1248695,100980,Consumer loans,9746.865,128340.0,148671.0,0.0,128340.0,SATURDAY,10,Y,1,0.0,,,XAP,Approved,-519,Cash through the bank,XAP,,Repeater,Computers,POS,XNA,Regional / Local,150,Consumer electronics,18.0,low_normal,POS household with interest,365243.0,-488.0,22.0,365243.0,365243.0,0.0
82,1243951,109517,Cash loans,17041.41,229500.0,291456.0,,229500.0,SATURDAY,10,Y,1,,,,XNA,Approved,-721,Cash through the bank,XAP,,Repeater,XNA,Cash,x-sell,Credit and cash offices,-1,XNA,24.0,middle,Cash X-Sell: middle,365243.0,-691.0,-1.0,-184.0,-181.0,1.0
83,2743730,108116,Cash loans,,90000.0,90000.0,0.0,90000.0,MONDAY,16,Y,1,0.0,,,XNA,Canceled,-315,XNA,XAP,,Refreshed,XNA,XNA,XNA,Country-wide,25,Connectivity,,XNA,Cash,,,,,,
84,1986247,100124,Consumer loans,7598.34,62491.5,62491.5,0.0,62491.5,SATURDAY,20,Y,1,0.0,,,XAP,Approved,-312,Cash through the bank,XAP,Unaccompanied,Repeater,Mobile,POS,XNA,Country-wide,50,Connectivity,12.0,high,POS mobile with interest,365243.0,-278.0,52.0,-98.0,-94.0,0.0
85,2437389,110724,Consumer loans,2510.1,14845.5,15826.5,0.0,14845.5,SATURDAY,11,Y,1,0.0,,,XAP,Approved,-2747,Cash through the bank,XAP,Other_B,New,Consumer Electronics,POS,XNA,Country-wide,1500,Consumer electronics,8.0,high,POS household with interest,365243.0,-2716.0,-2506.0,-2506.0,-2494.0,1.0
86,1536383,106649,Consumer loans,5074.065,63765.0,41265.0,22500.0,63765.0,SUNDAY,12,Y,1,0.3842946044780907,,,XAP,Approved,-1709,Cash through the bank,XAP,Other_A,Repeater,Furniture,POS,XNA,Stone,302,Furniture,10.0,middle,POS industry with interest,365243.0,-1678.0,-1408.0,-1408.0,-1401.0,0.0
87,1038913,102043,Consumer loans,11451.33,90436.5,88155.0,9000.0,90436.5,THURSDAY,11,Y,1,0.1008884584614088,,,XAP,Approved,-2041,Cash through the bank,XAP,Children,New,Audio/Video,POS,XNA,Country-wide,1450,Consumer electronics,10.0,high,POS household with interest,365243.0,-2010.0,-1740.0,-1740.0,-1737.0,0.0
88,2260587,107477,Consumer loans,3665.61,19035.0,17977.5,1903.5,19035.0,FRIDAY,10,Y,1,0.104274661508704,,,XAP,Approved,-1624,XNA,XAP,Family,Repeater,Mobile,POS,XNA,Stone,63,Consumer electronics,6.0,high,POS household with interest,365243.0,-1579.0,-1429.0,-1429.0,-1426.0,0.0
89,1988011,102591,Consumer loans,3419.235,21240.0,17568.0,4500.0,21240.0,TUESDAY,14,Y,1,0.2220821592762864,,,XAP,Approved,-1744,Cash through the bank,XAP,Family,Repeater,Computers,POS,XNA,Regional / Local,128,Consumer electronics,6.0,middle,POS household with interest,365243.0,-1713.0,-1563.0,-1563.0,-1557.0,0.0
90,1832612,102523,Cash loans,23473.98,211500.0,211500.0,,211500.0,SATURDAY,7,Y,1,,,,XNA,Approved,-1501,Cash through the bank,XAP,Unaccompanied,Repeater,XNA,Cash,x-sell,Regional / Local,129,Consumer electronics,12.0,high,Cash X-Sell: high,365243.0,-1471.0,-1141.0,-1141.0,-1136.0,0.0
91,2416953,102579,Consumer loans,7698.735,75694.5,68121.0,7573.5,75694.5,SATURDAY,13,Y,1,0.1089673622257891,,,XAP,Approved,-1627,Cash through the bank,XAP,Family,New,Construction Materials,POS,XNA,Stone,3552,Construction,10.0,low_normal,POS industry with interest,365243.0,-1596.0,-1326.0,-1326.0,-1297.0,0.0
92,2592891,107628,Revolving loans,9000.0,0.0,180000.0,,,FRIDAY,10,Y,1,,,,XAP,Approved,-2288,XNA,XAP,,Repeater,XNA,Cards,x-sell,Contact center,-1,XNA,0.0,XNA,Card X-Sell,365243.0,365243.0,365243.0,365243.0,365243.0,0.0
93,2359551,107321,Revolving loans,11250.0,0.0,225000.0,,,FRIDAY,10,N,1,,,,XAP,Refused,-1152,XNA,VERIF,,Repeater,XNA,Cards,x-sell,Contact center,-1,XNA,0.0,XNA,Card X-Sell,,,,,,
94,1356683,101067,Revolving loans,11250.0,0.0,315000.0,,,SATURDAY,9,N,0,,,,XAP,Refused,-773,XNA,SCO,,Repeater,XNA,Cards,x-sell,Contact center,-1,XNA,0.0,XNA,Card X-Sell,,,,,,
95,1824766,100891,Consumer loans,11236.86,106713.0,106713.0,0.0,106713.0,TUESDAY,14,Y,1,0.0,,,XAP,Approved,-1236,Cash through the bank,XAP,Unaccompanied,New,Furniture,POS,XNA,Stone,300,Furniture,10.0,low_action,POS industry without interest,365243.0,-1191.0,-921.0,-981.0,-972.0,0.0
96,1409269,109680,Consumer loans,6833.97,56205.0,56205.0,0.0,56205.0,MONDAY,13,Y,1,0.0,,,XAP,Approved,-632,Cash through the bank,XAP,Family,New,Computers,POS,XNA,Regional / Local,60,Consumer electronics,12.0,high,POS household with interest,365243.0,-600.0,-270.0,-510.0,-507.0,0.0
97,2612516,111600,Cash loans,,0.0,0.0,,,MONDAY,17,Y,1,,,,XNA,Canceled,-185,XNA,XAP,,Repeater,XNA,XNA,XNA,Credit and cash offices,-1,XNA,,XNA,Cash,,,,,,
98,1885252,102936,Cash loans,9499.275,157500.0,178290.0,,157500.0,SATURDAY,15,Y,1,,,,XNA,Approved,-436,Cash through the bank,XAP,Unaccompanied,Repeater,XNA,Cash,x-sell,Credit and cash offices,-1,XNA,24.0,low_normal,Cash X-Sell: low,365243.0,-406.0,284.0,-136.0,-134.0,1.0
99,2527519,107828,Consumer loans,15593.31,148500.0,147762.0,14850.0,148500.0,THURSDAY,12,Y,1,0.0994576046048262,,,XAP,Approved,-597,Cash through the bank,XAP,,New,Consumer Electronics,POS,XNA,Regional / Local,663,Consumer electronics,12.0,middle,POS household with interest,365243.0,-566.0,-236.0,-296.0,-293.0,0.0
100,2747464,108308,Cash loans,,0.0,0.0,,,FRIDAY,13,Y,1,,,,XNA,Canceled,-497,XNA,XAP,,Repeater,XNA,XNA,XNA,Credit and cash offices,-1,XNA,,XNA,Cash,,,,,,
101,2520180,110219,Cash loans,,0.0,0.0,,,TUESDAY,12,Y,1,,,,XNA,Canceled,-158,XNA,XAP,,Repeater,XNA,XNA,XNA,Credit and cash offices,-1,XNA,,XNA,Cash,,,,,,
102,1592993,110802,Consumer loans,5223.33,32845.5,29560.5,3285.0,32845.5,FRIDAY,13,Y,1,0.108924012006626,,,XAP,Approved,-2472,Cash through the bank,XAP,"Spouse, partner",New,Mobile,POS,XNA,Country-wide,67,Connectivity,7.0,low_normal,POS mobile with interest,365243.0,-2441.0,-2261.0,-2261.0,-2253.0,0.0
103,1254309,109543,Cash loans,,0.0,0.0,,,TUESDAY,9,Y,1,,,,XNA,Canceled,-325,XNA,XAP,,Repeater,XNA,XNA,XNA,Credit and cash offices,-1,XNA,,XNA,Cash,,,,,,
104,2062257,107898,Consumer loans,6709.905,73462.5,66114.0,7348.5,73462.5,THURSDAY,13,Y,1,0.108942447445357,,,XAP,Approved,-485,Cash through the bank,XAP,,Refreshed,Mobile,POS,XNA,Country-wide,17,Connectivity,12.0,middle,POS mobile with interest,365243.0,-446.0,-116.0,-356.0,-348.0,0.0
105,2762306,103080,Consumer loans,5590.485,31041.0,27855.0,4500.0,31041.0,SUNDAY,15,Y,1,0.151473005436844,,,XAP,Approved,-2437,Cash through the bank,XAP,Family,New,Mobile,POS,XNA,Country-wide,50,Connectivity,6.0,low_normal,POS mobile with interest,365243.0,-2406.0,-2256.0,-2256.0,-2248.0,1.0
106,2481815,101175,Consumer loans,7476.705,38205.0,38205.0,0.0,38205.0,TUESDAY,7,Y,1,0.0,,,XAP,Approved,-1550,Cash through the bank,XAP,Unaccompanied,Repeater,Construction Materials,POS,XNA,Regional / Local,800,Consumer electronics,6.0,high,POS household with interest,365243.0,-1519.0,-1369.0,-1369.0,-1363.0,0.0
107,2150005,102115,Consumer loans,7214.31,99720.0,38538.0,63000.0,99720.0,SUNDAY,12,Y,1,0.6757344764790254,,,XAP,Approved,-1808,Cash through the bank,XAP,Children,Refreshed,Consumer Electronics,POS,XNA,Stone,126,Consumer electronics,6.0,middle,POS household with interest,365243.0,-1768.0,-1618.0,-1618.0,-1612.0,0.0
108,2714100,105775,Consumer loans,4771.125,31473.0,23584.5,9000.0,31473.0,SUNDAY,11,Y,1,0.3008122936309651,,,XAP,Approved,-1590,Cash through the bank,XAP,,New,Mobile,POS,XNA,Country-wide,43,Connectivity,6.0,high,POS mobile with interest,365243.0,-1542.0,-1392.0,-1392.0,-1387.0,0.0
109,2369825,106973,Consumer loans,5944.77,43605.0,49581.0,4360.5,43605.0,MONDAY,9,Y,1,0.088039466998339,,,XAP,Approved,-1735,Cash through the bank,XAP,,New,Mobile,POS,XNA,Country-wide,50,Connectivity,12.0,high,POS mobile with interest,365243.0,-1662.0,-1332.0,-1362.0,-1358.0,0.0
110,1630471,105582,Cash loans,,0.0,0.0,,,WEDNESDAY,18,Y,1,,,,XNA,Canceled,-91,XNA,XAP,,Repeater,XNA,XNA,XNA,Credit and cash offices,-1,XNA,,XNA,Cash,,,,,,
111,1158695,100281,Cash loans,19021.005,360000.0,420912.0,,360000.0,MONDAY,11,Y,1,,,,XNA,Approved,-969,Cash through the bank,XAP,Unaccompanied,Repeater,XNA,Cash,x-sell,AP+ (Cash loan),6,XNA,36.0,middle,Cash X-Sell: middle,365243.0,-939.0,111.0,-339.0,-314.0,1.0
112,2192185,110997,Revolving loans,13500.0,270000.0,270000.0,,270000.0,FRIDAY,17,Y,1,,,,XAP,Approved,-369,XNA,XAP,Unaccompanied,Repeater,XNA,Cards,x-sell,Credit and cash offices,-1,XNA,0.0,XNA,Card X-Sell,-369.0,-325.0,365243.0,-111.0,-31.0,0.0
113,1405628,106181,Cash loans,13534.785,157500.0,173092.5,0.0,157500.0,WEDNESDAY,17,Y,1,0.0,,,XNA,Approved,-1592,Cash through the bank,XAP,Unaccompanied,Repeater,XNA,Cash,x-sell,Credit and cash offices,0,XNA,18.0,middle,Cash X-Sell: middle,365243.0,-1562.0,-1052.0,-1052.0,-1042.0,1.0
114,2046931,106181,Cash loans,10849.86,90000.0,95940.0,0.0,90000.0,THURSDAY,12,Y,1,0.0,,,XNA,Refused,-1836,Cash through the bank,HC,Unaccompanied,Repeater,XNA,Cash,x-sell,Credit and cash offices,0,XNA,12.0,high,Cash X-Sell: high,,,,,,
115,1259156,104950,Consumer loans,1497.51,13626.0,13626.0,0.0,13626.0,WEDNESDAY,6,Y,1,0.0,,,XAP,Approved,-2135,Cash through the bank,XAP,,New,Photo / Cinema Equipment,POS,XNA,Country-wide,26,Connectivity,14.0,high,POS mobile with interest,365243.0,-2099.0,-1709.0,-1799.0,-1795.0,0.0
116,2107749,102468,Consumer loans,34179.03,165195.0,167593.5,16519.5,165195.0,SUNDAY,4,Y,1,0.09771845156359,,,XAP,Approved,-542,XNA,XAP,,Repeater,Consumer Electronics,POS,XNA,Regional / Local,149,Consumer electronics,6.0,high,POS household with interest,365243.0,-511.0,-361.0,-481.0,-479.0,0.0
117,1224495,111254,Revolving loans,,0.0,0.0,,,TUESDAY,14,Y,1,,,,XAP,Canceled,-116,XNA,XAP,,Repeater,XNA,XNA,XNA,Credit and cash offices,-1,XNA,,XNA,Card Street,,,,,,
118,1209285,103734,Cash loans,11557.395,112500.0,168912.0,,112500.0,SATURDAY,13,Y,1,,,,XNA,Approved,-594,Cash through the bank,XAP,,Repeater,XNA,Cash,x-sell,Credit and cash offices,-1,XNA,36.0,high,Cash X-Sell: high,365243.0,-564.0,486.0,-534.0,-530.0,1.0
119,2089493,106450,Revolving loans,9000.0,0.0,135000.0,,,TUESDAY,9,Y,1,,,,XAP,Approved,-2558,XNA,XAP,,Repeater,XNA,Cards,x-sell,Country-wide,33,Connectivity,0.0,XNA,Card Street,-2556.0,-2496.0,365243.0,-914.0,-191.0,0.0
120,2458782,109549,Cash loans,10492.02,90000.0,95940.0,0.0,90000.0,MONDAY,15,Y,1,0.0,,,XNA,Approved,-2305,Cash through the bank,XAP,Family,Repeater,XNA,Cash,x-sell,Credit and cash offices,0,XNA,12.0,high,Cash Street: high,365243.0,-2275.0,-1945.0,-2065.0,-2054.0,1.0
121,1682994,102788,Consumer loans,7059.825,58095.0,57807.0,5809.5,58095.0,SATURDAY,13,Y,1,0.0994564874893091,,,XAP,Approved,-642,Cash through the bank,XAP,Unaccompanied,Repeater,Mobile,POS,XNA,Country-wide,40,Connectivity,12.0,high,POS mobile with interest,365243.0,-611.0,-281.0,-341.0,-326.0,0.0
122,1484338,103961,Revolving loans,5625.0,0.0,112500.0,,,MONDAY,15,Y,1,,,,XAP,Approved,-1679,XNA,XAP,,Repeater,XNA,Cards,x-sell,Country-wide,75,Connectivity,0.0,XNA,Card X-Sell,-1676.0,-1624.0,365243.0,-1015.0,365243.0,0.0
123,2679019,108420,Cash loans,,0.0,0.0,,,TUESDAY,14,Y,1,,,,XNA,Canceled,-227,XNA,XAP,,Repeater,XNA,XNA,XNA,Credit and cash offices,-1,XNA,,XNA,Cash,,,,,,
124,1168337,108576,Consumer loans,,35095.5,35095.5,,35095.5,SUNDAY,19,Y,1,,,,XAP,Unused offer,-1537,Cash through the bank,CLIENT,Family,Repeater,Audio/Video,XNA,XNA,Country-wide,1880,Consumer electronics,,XNA,POS household with interest,,,,,,
125,2842121,101740,Cash loans,22306.905,180000.0,216418.5,,180000.0,SATURDAY,10,Y,1,,,,XNA,Approved,-562,Cash through the bank,XAP,,Repeater,XNA,Cash,x-sell,Credit and cash offices,0,XNA,12.0,middle,Cash X-Sell: middle,365243.0,-532.0,-202.0,-532.0,-526.0,1.0
126,1739539,110733,Cash loans,12366.675,180000.0,242685.0,,180000.0,FRIDAY,15,Y,1,,,,XNA,Approved,-1144,Cash through the bank,XAP,Unaccompanied,Repeater,XNA,Cash,x-sell,Credit and cash offices,0,XNA,30.0,middle,Cash X-Sell: middle,365243.0,-1114.0,-244.0,-934.0,-932.0,1.0
127,1489082,101154,Consumer loans,2257.47,19035.0,18828.0,1903.5,19035.0,WEDNESDAY,10,Y,1,0.0999968427491761,,,XAP,Approved,-2340,Cash through the bank,XAP,Family,New,Mobile,POS,XNA,Regional / Local,100,Consumer electronics,12.0,high,POS household with interest,365243.0,-2309.0,-1979.0,-1979.0,-1972.0,0.0
128,1520852,106089,Cash loans,35613.0,1350000.0,1350000.0,,1350000.0,MONDAY,10,Y,1,,,,XNA,Approved,-448,Cash through the bank,XAP,Unaccompanied,Repeater,XNA,Cash,x-sell,Country-wide,100,Consumer electronics,60.0,low_action,Cash X-Sell: low,,,,,,
129,2534372,111624,Cash loans,,0.0,0.0,,,SATURDAY,16,Y,1,,,,XNA,Canceled,-137,XNA,XAP,,Refreshed,XNA,XNA,XNA,Credit and cash offices,-1,XNA,,XNA,Cash,,,,,,
130,2646513,108463,Revolving loans,22500.0,450000.0,450000.0,,450000.0,WEDNESDAY,17,Y,1,,,,XAP,Approved,-503,XNA,XAP,,Repeater,XNA,Cards,x-sell,Credit and cash offices,-1,XNA,0.0,XNA,Card X-Sell,-469.0,-427.0,365243.0,-335.0,-162.0,0.0
131,1585281,110018,Cash loans,21085.335,157500.0,191025.0,,157500.0,WEDNESDAY,9,Y,1,,,,XNA,Approved,-608,Cash through the bank,XAP,,Repeater,XNA,Cash,x-sell,Credit and cash offices,-1,XNA,12.0,high,Cash X-Sell: high,365243.0,-578.0,-248.0,-248.0,-240.0,1.0
132,1848402,109937,Cash loans,47827.17,1120500.0,1234386.0,,1120500.0,TUESDAY,14,Y,1,,,,XNA,Approved,-1085,Cash through the bank,XAP,Family,Repeater,XNA,Cash,x-sell,Credit and cash offices,-1,XNA,42.0,low_normal,Cash X-Sell: low,365243.0,-1055.0,175.0,365243.0,365243.0,1.0
133,1632973,108625,Consumer loans,,28885.5,28885.5,0.0,28885.5,SATURDAY,13,Y,1,0.0,,,XAP,Unused offer,-1158,Cash through the bank,CLIENT,,Repeater,Mobile,XNA,XNA,Country-wide,29,Connectivity,,XNA,POS mobile with interest,,,,,,
134,2714800,110874,Consumer loans,12020.94,98100.0,107811.0,0.0,98100.0,WEDNESDAY,10,Y,1,0.0,,,XAP,Approved,-1830,Cash through the bank,XAP,Family,Repeater,Furniture,POS,XNA,Stone,212,Consumer electronics,12.0,high,POS household with interest,365243.0,-1784.0,-1454.0,-1454.0,-1448.0,0.0
135,1307397,106918,Consumer loans,7083.945,87736.5,70186.5,17550.0,87736.5,THURSDAY,18,Y,1,0.2178516974639456,,,XAP,Approved,-303,Cash through the bank,XAP,Unaccompanied,New,Mobile,POS,XNA,Country-wide,35,Connectivity,12.0,middle,POS mobile with interest,365243.0,-273.0,57.0,-33.0,-27.0,0.0
136,1632925,101502,Consumer loans,4895.46,48348.0,53455.5,0.0,48348.0,WEDNESDAY,15,Y,1,0.0,,,XAP,Refused,-284,Cash through the bank,HC,Family,Repeater,Consumer Electronics,POS,XNA,Stone,200,Consumer electronics,12.0,low_action,POS household without interest,,,,,,
137,1974762,100944,Cash loans,51334.695,810000.0,893398.5,,810000.0,FRIDAY,12,Y,1,,,,XNA,Approved,-931,Cash through the bank,XAP,"Spouse, partner",Repeater,XNA,Cash,x-sell,Credit and cash offices,0,XNA,36.0,high,Cash X-Sell: high,365243.0,-901.0,149.0,-601.0,-593.0,1.0
138,1130165,101183,Consumer loans,4448.475,58725.0,77328.0,0.0,58725.0,FRIDAY,16,Y,1,0.0,,,XAP,Approved,-31,Cash through the bank,XAP,Unaccompanied,Repeater,Consumer Electronics,POS,XNA,Regional / Local,250,Consumer electronics,24.0,low_normal,POS household with interest,365243.0,365243.0,691.0,365243.0,365243.0,0.0
139,1593149,106129,Consumer loans,14498.55,118318.5,130032.0,0.0,118318.5,SATURDAY,19,Y,1,0.0,,,XAP,Approved,-2240,Cash through the bank,XAP,Family,Repeater,Consumer Electronics,POS,XNA,Country-wide,1786,Consumer electronics,12.0,high,POS household with interest,365243.0,-2209.0,-1879.0,-1879.0,-1875.0,0.0
140,1660632,109275,Consumer loans,9220.005,79186.5,89640.0,0.0,79186.5,TUESDAY,13,Y,1,0.0,,,XAP,Approved,-1575,Cash through the bank,XAP,"Spouse, partner",New,Audio/Video,POS,XNA,Country-wide,2000,Consumer electronics,16.0,high,POS household with interest,365243.0,-1544.0,-1094.0,-1154.0,-1150.0,0.0
141,2356931,103545,Consumer loans,3184.47,30145.5,29997.0,3015.0,30145.5,TUESDAY,18,Y,1,0.0994671359175176,,,XAP,Approved,-527,Cash through the bank,XAP,,Repeater,Consumer Electronics,POS,XNA,Country-wide,2000,Consumer electronics,12.0,middle,POS household with interest,365243.0,-496.0,-166.0,-376.0,-368.0,0.0
142,2152855,110513,Consumer loans,5137.155,22540.5,18031.5,4509.0,22540.5,MONDAY,12,Y,1,0.2178616671808925,,,XAP,Approved,-2853,XNA,XAP,,New,Other,POS,XNA,Stone,165,Industry,4.0,low_normal,POS industry with interest,365243.0,-2791.0,-2701.0,-2701.0,-2567.0,0.0
143,1327763,104794,Cash loans,25329.15,225000.0,239850.0,,225000.0,MONDAY,14,Y,1,,,,XNA,Approved,-680,Cash through the bank,XAP,Unaccompanied,Repeater,XNA,Cash,x-sell,Country-wide,79,Connectivity,12.0,middle,Cash X-Sell: middle,365243.0,-650.0,-320.0,-320.0,-317.0,1.0
144,1829215,105259,Cash loans,23960.655,540000.0,604152.0,,540000.0,SATURDAY,8,Y,1,,,,XNA,Refused,-247,Cash through the bank,HC,Unaccompanied,Repeater,XNA,Cash,x-sell,Credit and cash offices,0,XNA,36.0,low_normal,Cash X-Sell: low,,,,,,
145,1704191,108201,Cash loans,,0.0,0.0,,,THURSDAY,15,Y,1,,,,XNA,Canceled,-337,XNA,XAP,,Repeater,XNA,XNA,XNA,Credit and cash offices,-1,XNA,,XNA,Cash,,,,,,
146,2699759,108847,Revolving loans,2250.0,45000.0,45000.0,,45000.0,TUESDAY,15,Y,1,,,,XAP,Refused,-190,XNA,SCOFR,Family,Repeater,XNA,Cards,walk-in,Country-wide,2535,Consumer electronics,0.0,XNA,Card Street,,,,,,
147,1189015,111420,Consumer loans,13766.58,64035.0,75055.5,0.0,64035.0,SUNDAY,16,Y,1,0.0,,,XAP,Approved,-330,Cash through the bank,XAP,Family,Repeater,Computers,POS,XNA,Regional / Local,100,Consumer electronics,6.0,middle,POS household with interest,365243.0,-299.0,-149.0,-299.0,-295.0,0.0
148,1138518,101168,Cash loans,,0.0,0.0,,,THURSDAY,12,Y,1,,,,XNA,Refused,-315,XNA,HC,,Repeater,XNA,XNA,XNA,Credit and cash offices,-1,XNA,,XNA,Cash,,,,,,
149,2740819,102049,Cash loans,20976.795,378000.0,412929.0,,378000.0,FRIDAY,7,Y,1,,,,XNA,Approved,-210,Cash through the bank,XAP,Unaccompanied,Repeater,XNA,Cash,x-sell,Credit and cash offices,-1,XNA,24.0,low_action,Cash X-Sell: low,365243.0,-180.0,510.0,365243.0,365243.0,1.0
150,1154842,109199,Cash loans,15967.395,301500.0,350451.0,,301500.0,SATURDAY,12,Y,1,,,,XNA,Approved,-702,Cash through the bank,XAP,Unaccompanied,Repeater,XNA,Cash,x-sell,Credit and cash offices,-1,XNA,36.0,middle,Cash X-Sell: middle,365243.0,-672.0,378.0,-446.0,-442.0,1.0
151,1933277,109182,Revolving loans,2250.0,45000.0,45000.0,,45000.0,SUNDAY,11,Y,1,,,,XAP,Refused,-644,XNA,SCOFR,,Repeater,XNA,Cards,walk-in,AP+ (Cash loan),15,XNA,0.0,XNA,Card Street,,,,,,
152,1223889,103809,Consumer loans,25065.225,553612.5,553612.5,0.0,553612.5,SUNDAY,18,Y,1,0.0,,,XAP,Refused,-232,Cash through the bank,SCO,Unaccompanied,Repeater,Clothing and Accessories,POS,XNA,Regional / Local,100,Clothing,24.0,low_action,POS industry without interest,,,,,,
153,1826089,103712,Cash loans,19062.675,450000.0,530698.5,,450000.0,SATURDAY,14,Y,1,,,,XNA,Approved,-580,Cash through the bank,XAP,,Repeater,XNA,Cash,x-sell,Credit and cash offices,-1,XNA,48.0,low_normal,Cash X-Sell: low,365243.0,-550.0,860.0,365243.0,365243.0,1.0
154,2185337,102260,Consumer loans,,44730.0,44730.0,0.0,44730.0,MONDAY,14,Y,1,0.0,,,XAP,Unused offer,-1484,Cash through the bank,CLIENT,,Repeater,Mobile,XNA,XNA,Country-wide,50,Connectivity,,XNA,POS mobile with interest,,,,,,
155,2720384,102297,Consumer loans,39126.69,397800.0,381649.5,39780.0,397800.0,WEDNESDAY,18,Y,1,0.1028025716368606,,,XAP,Approved,-724,Cash through the bank,XAP,,New,Auto Accessories,POS,XNA,Stone,3000,Auto technology,12.0,middle,POS other with interest,365243.0,-693.0,-363.0,-393.0,-391.0,0.0
156,2428872,108664,Cash loans,33178.05,315000.0,332046.0,,315000.0,MONDAY,6,Y,1,,,,XNA,Approved,-669,Cash through the bank,XAP,Unaccompanied,Repeater,XNA,Cash,x-sell,Credit and cash offices,-1,XNA,12.0,middle,Cash X-Sell: middle,365243.0,-639.0,-309.0,-429.0,-425.0,1.0
157,2225871,101165,Consumer loans,6752.79,79443.0,71496.0,7947.0,79443.0,THURSDAY,15,Y,1,0.1089461054409507,,,XAP,Approved,-499,Cash through the bank,XAP,,New,Consumer Electronics,POS,XNA,Country-wide,150,Consumer electronics,12.0,low_normal,POS household with interest,365243.0,-468.0,-138.0,-138.0,-132.0,0.0
158,1189722,100387,Consumer loans,14871.825,132300.0,146272.5,0.0,132300.0,SUNDAY,12,Y,1,0.0,,,XAP,Approved,-110,Cash through the bank,XAP,"Spouse, partner",Repeater,Audio/Video,POS,XNA,Stone,10,Connectivity,12.0,middle,POS mobile with interest,365243.0,-80.0,250.0,365243.0,365243.0,1.0
159,2497582,110901,Cash loans,30745.89,1165500.0,1165500.0,,1165500.0,MONDAY,10,Y,1,,,,XNA,Approved,-291,Cash through the bank,XAP,Unaccompanied,Repeater,XNA,Cash,x-sell,AP+ (Cash loan),2,XNA,60.0,low_action,Cash X-Sell: low,365243.0,-261.0,1509.0,365243.0,365243.0,0.0
160,1591331,106034,Consumer loans,4416.66,29205.0,26590.5,4365.0,29205.0,THURSDAY,14,Y,1,0.1535714757694696,,,XAP,Approved,-1031,Cash through the bank,XAP,,New,Mobile,POS,XNA,Country-wide,108,Connectivity,8.0,high,POS mobile with interest,365243.0,-996.0,-786.0,-786.0,-782.0,0.0
161,1310147,107704,Consumer loans,11321.1,184864.5,184864.5,0.0,184864.5,MONDAY,11,Y,1,0.0,,,XAP,Approved,-532,Cash through the bank,XAP,,Repeater,Consumer Electronics,POS,XNA,Regional / Local,500,Consumer electronics,24.0,middle,POS household with interest,365243.0,-501.0,189.0,-141.0,-134.0,0.0
162,1650394,108675,Consumer loans,32278.05,360000.0,339948.0,45000.0,360000.0,TUESDAY,9,Y,1,0.1273135356180338,,,XAP,Refused,-190,XNA,LIMIT,Unaccompanied,Repeater,Construction Materials,POS,XNA,Stone,30,Construction,12.0,low_normal,POS industry with interest,,,,,,
163,1075657,108071,Consumer loans,10549.935,88150.5,95908.5,0.0,88150.5,SUNDAY,17,Y,1,0.0,,,XAP,Approved,-774,Cash through the bank,XAP,Unaccompanied,Repeater,Computers,POS,XNA,Country-wide,100,Consumer electronics,10.0,low_normal,POS household with interest,365243.0,-743.0,-473.0,-473.0,-466.0,0.0
164,2061224,110543,Cash loans,,0.0,0.0,,,WEDNESDAY,17,Y,1,,,,XNA,Canceled,-204,XNA,XAP,,Repeater,XNA,XNA,XNA,Credit and cash offices,0,XNA,,XNA,Cash,,,,,,
165,1908295,108915,Cash loans,,0.0,0.0,,,WEDNESDAY,8,Y,1,,,,XNA,Canceled,-325,XNA,XAP,,Repeater,XNA,XNA,XNA,Credit and cash offices,-1,XNA,,XNA,Cash,,,,,,
166,2310122,102289,Cash loans,49771.35,454500.0,472500.0,,454500.0,TUESDAY,17,Y,1,,,,XNA,Approved,-387,Cash through the bank,XAP,,Repeater,XNA,Cash,x-sell,Credit and cash offices,-1,XNA,12.0,middle,Cash X-Sell: middle,365243.0,-357.0,-27.0,-12.0,-4.0,1.0
167,2641710,102008,Consumer loans,2852.145,13540.5,14211.0,0.0,13540.5,THURSDAY,14,Y,1,0.0,,,XAP,Approved,-2678,Cash through the bank,XAP,Family,New,Mobile,POS,XNA,Country-wide,30,Connectivity,6.0,high,POS mobile with interest,365243.0,-2647.0,-2497.0,-2497.0,-2493.0,1.0
168,1890824,110170,Consumer loans,8228.34,81738.0,89829.0,0.0,81738.0,SUNDAY,14,Y,1,0.0,,,XAP,Approved,-1262,Cash through the bank,XAP,Unaccompanied,Repeater,Computers,POS,XNA,Country-wide,1500,Consumer electronics,12.0,low_action,POS household without interest,365243.0,-1231.0,-901.0,-901.0,-898.0,0.0
169,1874254,100293,Revolving loans,6750.0,135000.0,135000.0,,135000.0,WEDNESDAY,11,Y,1,,,,XAP,Approved,-229,XNA,XAP,Family,Repeater,XNA,Cards,x-sell,Credit and cash offices,-1,XNA,0.0,XNA,Card X-Sell,365243.0,365243.0,365243.0,365243.0,365243.0,0.0
170,2278095,102129,Consumer loans,4885.65,41850.0,48478.5,0.0,41850.0,FRIDAY,14,Y,1,0.0,,,XAP,Approved,-314,Cash through the bank,XAP,Unaccompanied,Refreshed,Homewares,POS,XNA,Stone,40,Construction,12.0,middle,POS industry with interest,365243.0,-284.0,46.0,365243.0,365243.0,1.0
171,1825551,109495,Consumer loans,14551.47,90634.095,76225.5,18004.095,90634.095,THURSDAY,12,Y,1,0.2080885117983272,,,XAP,Approved,-1750,Cash through the bank,XAP,,Repeater,Audio/Video,POS,XNA,Country-wide,1235,Consumer electronics,6.0,middle,POS household with interest,365243.0,-1712.0,-1562.0,-1592.0,-1586.0,0.0
172,1771459,106908,Cash loans,,0.0,0.0,,,SATURDAY,12,Y,1,,,,XNA,Canceled,-545,XNA,XAP,,Repeater,XNA,XNA,XNA,Credit and cash offices,-1,XNA,,XNA,Cash,,,,,,
173,2436437,109392,Cash loans,10332.72,90000.0,95940.0,,90000.0,SATURDAY,10,Y,1,,,,XNA,Approved,-808,Cash through the bank,XAP,Unaccompanied,Repeater,XNA,Cash,x-sell,AP+ (Cash loan),-1,XNA,12.0,middle,Cash X-Sell: middle,365243.0,-778.0,-448.0,-478.0,-471.0,1.0
174,2450369,105429,Cash loans,6165.225,85500.0,108072.0,,85500.0,FRIDAY,9,Y,1,,,,XNA,Approved,-124,Cash through the bank,XAP,Unaccompanied,Repeater,XNA,Cash,x-sell,Credit and cash offices,-1,XNA,24.0,low_normal,Cash X-Sell: low,365243.0,-94.0,596.0,-4.0,365243.0,1.0
175,2566960,106638,Cash loans,25566.75,742500.0,869913.0,,742500.0,TUESDAY,14,Y,1,,,,XNA,Approved,-161,Cash through the bank,XAP,Family,Repeater,XNA,Cash,x-sell,Credit and cash offices,-1,XNA,60.0,low_normal,Cash X-Sell: low,365243.0,-131.0,1639.0,365243.0,365243.0,1.0
176,2446701,107360,Cash loans,24988.545,450000.0,551745.0,,450000.0,TUESDAY,10,Y,1,,,,XNA,Approved,-1036,Cash through the bank,XAP,Unaccompanied,Repeater,XNA,Cash,x-sell,Credit and cash offices,-1,XNA,48.0,middle,Cash X-Sell: middle,365243.0,-1006.0,404.0,-886.0,-883.0,1.0
177,2275002,109403,Consumer loans,25647.435,256500.0,230850.0,25650.0,256500.0,MONDAY,10,Y,1,0.1089090909090909,,,XAP,Refused,-2100,Cash through the bank,HC,Children,Repeater,Clothing and Accessories,POS,XNA,Stone,72,Clothing,10.0,low_normal,POS industry with interest,,,,,,
178,1731157,104884,Consumer loans,4332.915,42930.0,42930.0,0.0,42930.0,FRIDAY,19,Y,1,0.0,,,XAP,Approved,-125,XNA,XAP,,Repeater,Mobile,POS,XNA,Country-wide,63,Connectivity,12.0,middle,POS mobile with interest,365243.0,-90.0,240.0,-60.0,-53.0,0.0
179,1339797,100035,Cash loans,,0.0,0.0,,,FRIDAY,14,Y,1,,,,XNA,Refused,-138,XNA,HC,,Repeater,XNA,XNA,XNA,Credit and cash offices,0,XNA,,XNA,Cash,,,,,,
180,2730564,109134,Consumer loans,6485.4,61605.0,60781.5,6300.0,61605.0,SATURDAY,17,Y,1,0.1022826371991194,,,XAP,Approved,-2166,Cash through the bank,XAP,Family,Repeater,Audio/Video,POS,XNA,Stone,158,Consumer electronics,12.0,middle,POS household with interest,365243.0,-2135.0,-1805.0,-1805.0,-1801.0,0.0
181,1132088,110122,Consumer loans,6128.19,53955.0,53955.0,0.0,53955.0,SATURDAY,9,Y,1,0.0,,,XAP,Approved,-207,Cash through the bank,XAP,,Repeater,Mobile,POS,XNA,Country-wide,52,Connectivity,10.0,low_normal,POS mobile without interest,365243.0,-136.0,134.0,-76.0,-73.0,0.0
182,1696909,102757,Consumer loans,,62023.5,62023.5,0.0,62023.5,MONDAY,15,Y,1,0.0,,,XAP,Unused offer,-137,Cash through the bank,CLIENT,,Repeater,Computers,XNA,XNA,Country-wide,15,Connectivity,,XNA,POS mobile with interest,,,,,,
183,2773257,103031,Consumer loans,17436.105,153382.5,177493.5,7650.0,153382.5,WEDNESDAY,19,Y,1,0.0450004750614818,,,XAP,Approved,-966,Cash through the bank,XAP,Family,New,Computers,POS,XNA,Country-wide,550,Consumer electronics,12.0,middle,POS household with interest,365243.0,-935.0,-605.0,-665.0,-661.0,0.0
184,2517129,109430,Cash loans,46584.585,990000.0,1104997.5,,990000.0,THURSDAY,10,Y,1,,,,XNA,Approved,-730,Cash through the bank,XAP,"Spouse, partner",Repeater,XNA,Cash,walk-in,Credit and cash offices,-1,XNA,48.0,middle,Cash Street: middle,365243.0,-700.0,710.0,365243.0,365243.0,1.0
185,2485992,109074,Consumer loans,15146.415,142965.0,141291.0,14400.0,142965.0,SUNDAY,8,Y,1,0.1007309933837478,,,XAP,Approved,-1712,XNA,XAP,Other_A,Repeater,Computers,POS,XNA,Stone,57,Consumer electronics,12.0,middle,POS household with interest,365243.0,-1681.0,-1351.0,-1351.0,-1341.0,0.0
186,2347960,105554,Cash loans,34767.495,675000.0,767664.0,,675000.0,TUESDAY,11,Y,1,,,,XNA,Approved,-601,Cash through the bank,XAP,,Repeater,XNA,Cash,x-sell,Credit and cash offices,-1,XNA,48.0,middle,Cash X-Sell: middle,,,,,,
187,2705391,101032,Consumer loans,18209.385,142992.0,190705.5,0.0,142992.0,THURSDAY,11,Y,1,0.0,,,XAP,Approved,-1959,Cash through the bank,XAP,Unaccompanied,Repeater,Furniture,POS,XNA,Country-wide,972,Furniture,18.0,high,POS industry with interest,365243.0,-1928.0,-1418.0,-1418.0,-843.0,0.0
188,1538029,105486,Consumer loans,5269.23,44820.0,28147.5,18000.0,44820.0,MONDAY,16,Y,1,0.4248038650769025,,,XAP,Approved,-1691,Cash through the bank,XAP,Unaccompanied,New,Auto Accessories,POS,XNA,Stone,29,Industry,6.0,middle,POS other with interest,365243.0,-1657.0,-1507.0,-1507.0,-1503.0,0.0
189,1106193,101133,Cash loans,6543.0,90000.0,90000.0,0.0,90000.0,WEDNESDAY,9,Y,1,0.0,,,XNA,Approved,-2861,XNA,XAP,,Repeater,XNA,Cash,x-sell,Country-wide,-1,Consumer electronics,20.0,middle,Cash Street: middle,365243.0,-2831.0,-2261.0,-2321.0,-2311.0,0.0
190,2734425,108633,Cash loans,,0.0,0.0,,,FRIDAY,9,Y,1,,,,XNA,Canceled,-164,XNA,XAP,,Repeater,XNA,XNA,XNA,Credit and cash offices,-1,XNA,,XNA,Cash,,,,,,
191,2647487,109900,Cash loans,,0.0,0.0,,,TUESDAY,16,Y,1,,,,XNA,Canceled,-241,XNA,XAP,,Repeater,XNA,XNA,XNA,Credit and cash offices,-1,XNA,,XNA,Cash,,,,,,
192,1406213,104617,Consumer loans,11210.58,121500.0,109350.0,12150.0,121500.0,MONDAY,11,Y,1,0.1089090909090909,,,XAP,Approved,-808,Cash through the bank,XAP,,New,Computers,POS,XNA,Stone,37,Consumer electronics,12.0,middle,POS household with interest,365243.0,-777.0,-447.0,-627.0,-620.0,0.0
193,1669402,105069,Consumer loans,8706.78,89775.0,99256.5,0.0,89775.0,MONDAY,18,Y,1,0.0,,,XAP,Approved,-245,Cash through the bank,XAP,Other_B,Repeater,Computers,POS,XNA,Country-wide,3268,Consumer electronics,12.0,low_action,POS household without interest,365243.0,-214.0,116.0,365243.0,365243.0,0.0
194,1708018,109720,Consumer loans,7109.64,62955.0,59296.5,9000.0,62955.0,FRIDAY,8,Y,1,0.1435186017119205,,,XAP,Refused,-2097,Cash through the bank,HC,Unaccompanied,Repeater,Mobile,POS,XNA,Country-wide,204,Connectivity,12.0,high,POS mobile with interest,,,,,,
195,1126816,104986,Consumer loans,18382.365,144720.0,157518.0,0.0,144720.0,FRIDAY,14,Y,1,0.0,,,XAP,Approved,-2427,Cash through the bank,XAP,Family,Repeater,Audio/Video,POS,XNA,Country-wide,170,Consumer electronics,12.0,high,POS household with interest,365243.0,-2396.0,-2066.0,-2276.0,-2271.0,1.0
196,1377548,108352,Consumer loans,5734.08,36225.0,28570.5,9000.0,36225.0,THURSDAY,16,Y,1,0.2608913424579971,,,XAP,Approved,-2309,Cash through the bank,XAP,,Repeater,Mobile,POS,XNA,Regional / Local,60,Connectivity,6.0,high,POS mobile with interest,365243.0,-2271.0,-2121.0,-2121.0,-2117.0,1.0
197,1087187,105181,Consumer loans,8979.345,167832.0,173682.0,0.0,167832.0,SATURDAY,15,Y,1,0.0,,,XAP,Approved,-1392,Cash through the bank,XAP,"Spouse, partner",Repeater,Audio/Video,POS,XNA,Country-wide,200,Consumer electronics,24.0,low_normal,POS household with interest,365243.0,-1361.0,-671.0,-671.0,-662.0,0.0
198,1729307,105181,Consumer loans,7719.435,62995.5,69232.5,0.0,62995.5,MONDAY,12,Y,1,0.0,,,XAP,Approved,-1467,Cash through the bank,XAP,Family,Repeater,Consumer Electronics,POS,XNA,Country-wide,200,Consumer electronics,12.0,high,POS household with interest,365243.0,-1436.0,-1106.0,-1106.0,-1104.0,0.0
199,2191194,108694,Cash loans,54367.92,1155871.89,1290138.39,,1155871.89,THURSDAY,14,Y,1,,,,XNA,Approved,-588,Cash through the bank,XAP,,Repeater,XNA,Cash,x-sell,Credit and cash offices,-1,XNA,48.0,middle,Cash Street: middle,365243.0,-558.0,852.0,-168.0,-165.0,1.0
